Country,Count
Afghanistan,1618
Armenia,200
Bhutan,14
Burma,2156
Burundi,185
Cambodia,32
Central African Republic,181
Colombia,261
"Congo, Democratic Republic",7810
El Salvador,519
Eritrea,325
Ethiopia,252
Guatemala,1085
Honduras,450
Iran,255
Iraq,498
Moldova,507
Pakistan,36
Russia,19
Rwanda,88
Somalia,456
South Sudan,293
Sri Lanka,19
Sudan,1669
Syria,4556
Uganda,63
Ukraine,1610
Venezuela,163
Yemen,15
All other countries, 130 
